GROUP_SET,GROUP_VALUE,TEAM_ID,TEAM_ABBREVIATION,MAX_GAME_DATE,GP,W,L,W_PCT,MIN,FGM,FGA,FG_PCT,FG3M,FG3A,FG3_PCT,FTM,FTA,FT_PCT,OREB,DREB,REB,AST,TOV,STL,BLK,BLKA,PF,PFD,PTS,PLUS_MINUS,NBA_FANTASY_PTS,DD2,TD3,GP_RANK,W_RANK,L_RANK,W_PCT_RANK,MIN_RANK,FGM_RANK,FGA_RANK,FG_PCT_RANK,FG3M_RANK,FG3A_RANK,FG3_PCT_RANK,FTM_RANK,FTA_RANK,FT_PCT_RANK,OREB_RANK,DREB_RANK,REB_RANK,AST_RANK,TOV_RANK,STL_RANK,BLK_RANK,BLKA_RANK,PF_RANK,PFD_RANK,PTS_RANK,PLUS_MINUS_RANK,NBA_FANTASY_PTS_RANK,DD2_RANK,TD3_RANK,CFID,CFPARAMS
By Year,2008-09,1610612741,CHI,2009-04-15T00:00:00,81,40,41,0.494,37.0,7.1,14.9,0.475,0.2,0.9,0.222,2.4,3.1,0.788,1.2,2.7,3.9,6.3,2.5,0.8,0.2,1.1,1.5,2.8,16.8,-1.5,31.6,8,0,1,3,1,7,2,5,8,2,9,8,8,8,7,8,1,4,2,3,8,3,6,6,3,5,6,5,4,3,2,264,2008-09
By Year,2008-09,1610612748,MIA,2009-04-15T00:00:00,81,43,38,0.531,24.8,5.6,11.8,0.472,0.4,1.0,0.407,2.3,3.0,0.772,1.4,4.1,5.4,1.0,1.5,0.5,0.5,0.9,2.3,2.1,13.9,0.1,23.3,8,0,1,2,3,3,3,3,3,5,4,6,2,3,3,4,4,2,3,6,7,5,5,2,4,3,3,3,3,2,1,264,2008-09
By Year,2008-09,1610612763,MEM,2009-04-15T00:00:00,82,24,58,0.293,38.1,6.9,15.6,0.438,1.8,4.6,0.384,3.0,3.4,0.879,0.7,3.1,3.8,3.2,2.8,1.1,0.2,0.9,2.5,2.7,18.5,-5.1,28.8,2,0,1,6,1,7,1,1,1,3,1,1,2,1,1,1,2,2,2,2,1,4,8,1,2,1,1,7,1,1,1,264,2008-09
By Year,2008-09,1610612760,OKC,2009-04-15T00:00:00,82,23,59,0.28,32.5,5.3,13.4,0.398,0.4,1.6,0.271,4.3,5.2,0.815,2.2,2.7,4.9,5.3,3.3,1.3,0.2,1.1,2.3,3.9,15.3,-3.3,30.4,10,1,1,9,1,10,9,10,10,10,8,8,9,9,9,6,1,10,8,10,8,9,8,7,7,10,10,10,10,9,7,264,2008-09
By Year,2008-09,1610612750,MIN,2009-04-15T00:00:00,81,24,57,0.296,25.3,3.9,8.5,0.459,0.0,0.2,0.105,3.3,4.1,0.789,3.4,5.7,9.1,1.0,1.5,0.4,0.6,1.0,2.5,3.3,11.1,-3.3,25.2,29,0,1,5,1,8,10,10,10,3,10,10,10,10,9,9,5,10,10,10,10,10,1,7,2,10,10,8,10,8,2,264,2008-09
By Year,2008-09,1610612752,NYK,2009-03-15T00:00:00,28,14,14,0.5,14.7,2.0,4.5,0.448,1.1,2.6,0.444,0.9,1.0,0.963,0.5,1.5,2.0,0.5,0.5,0.5,0.1,0.2,1.7,1.3,6.1,1.8,10.6,0,0,8,8,8,6,10,10,10,1,10,10,1,10,10,2,9,10,10,10,10,10,10,10,6,10,10,6,10,7,1,264,2008-09
By Year,2008-09,1610612746,LAC,2009-04-15T00:00:00,78,19,59,0.244,34.3,5.3,11.6,0.456,1.7,4.3,0.389,3.8,4.5,0.854,0.6,2.0,2.6,2.8,2.1,1.0,0.4,0.8,2.2,3.9,16.1,-5.9,25.5,0,0,1,7,1,10,4,8,9,1,7,8,3,4,5,2,2,7,7,7,6,6,2,6,3,4,7,10,5,3,1,264,2008-09
By Year,2008-09,1610612749,MIL,2009-04-15T00:00:00,59,23,36,0.39,12.1,1.7,4.2,0.416,0.3,0.8,0.348,1.0,1.4,0.699,0.7,1.2,1.9,0.7,0.9,0.3,0.5,0.3,1.8,1.1,4.7,-0.5,9.5,0,0,1,1,1,1,1,1,1,1,1,1,1,1,1,1,1,1,1,1,1,1,1,1,1,1,1,1,1,1,1,264,2008-09
By Year,2008-09,1610612766,CHA,2009-04-15T00:00:00,72,30,42,0.417,26.5,3.7,8.6,0.43,1.5,3.4,0.439,2.9,3.2,0.893,0.2,1.6,1.8,3.5,1.7,0.6,0.0,0.8,1.9,2.4,11.8,-0.5,19.4,1,0,5,5,3,7,4,4,4,3,3,7,1,3,4,3,7,6,7,6,6,7,9,4,2,5,3,6,6,6,1,264,2008-09
By Year,2008-09,1610612751,NJN,2009-04-15T00:00:00,82,34,48,0.415,30.5,5.5,10.3,0.531,0.0,0.0,0.0,2.1,2.6,0.793,2.7,5.4,8.1,1.0,1.8,0.5,1.8,0.9,3.1,2.3,13.0,-1.3,29.7,18,0,1,2,5,3,5,9,10,2,5,6,5,9,9,5,5,1,2,7,5,5,2,5,1,10,9,4,8,3,1,264,2008-09
By Year,2008-09,1610612757,POR,2009-04-15T00:00:00,53,34,19,0.642,12.4,1.3,3.6,0.365,0.1,0.5,0.259,1.6,1.9,0.806,0.2,0.9,1.1,1.5,1.1,0.3,0.0,0.5,1.5,1.5,4.3,-0.5,7.8,0,0,5,4,8,3,12,12,12,10,12,12,11,6,5,7,12,12,12,12,11,10,11,6,10,8,12,6,12,4,1,264,2008-09
By Year,2008-09,1610612758,SAC,2009-04-15T00:00:00,82,17,65,0.207,28.1,4.3,8.7,0.497,0.0,0.1,0.0,2.4,3.5,0.692,2.9,4.5,7.4,1.1,1.8,0.6,0.7,0.9,3.8,2.9,11.1,-3.5,23.7,17,0,1,8,1,9,2,3,3,5,3,3,3,2,2,4,2,5,2,4,2,3,3,1,1,2,2,9,2,2,1,264,2008-09
By Year,2008-09,1610612754,IND,2009-04-15T00:00:00,75,33,42,0.44,24.0,3.2,7.7,0.423,1.0,2.8,0.373,0.6,0.9,0.697,0.5,2.7,3.1,0.9,1.0,0.5,0.5,0.5,1.7,0.9,8.1,-2.4,15.2,2,0,2,2,2,4,4,3,3,5,4,4,6,5,5,4,4,4,4,6,5,4,4,3,3,5,4,5,4,2,1,264,2008-09
By Year,2008-09,1610612744,GSW,2009-04-15T00:00:00,63,21,42,0.333,17.9,3.2,6.8,0.462,0.0,0.1,0.0,1.6,2.2,0.716,2.0,3.7,5.8,0.8,1.3,0.7,1.2,0.6,2.2,1.9,7.9,-1.5,20.3,8,0,1,2,1,4,3,3,3,4,4,5,4,4,4,4,2,3,2,3,3,3,2,3,2,3,3,3,3,1,1,264,2008-09
By Year,2008-09,1610612756,PHX,2009-04-15T00:00:00,60,32,28,0.533,10.2,1.2,2.3,0.518,0.0,0.0,0.0,0.8,1.1,0.691,0.9,1.1,2.0,0.1,0.5,0.2,0.7,0.2,1.6,0.8,3.2,-1.0,7.8,0,0,7,5,6,4,10,10,10,7,2,4,2,10,10,10,10,10,10,9,10,10,9,10,10,10,10,7,10,9,1,264,2008-09
By Year,2008-09,1610612755,PHI,2009-04-15T00:00:00,79,41,38,0.519,16.0,3.2,6.4,0.502,0.0,0.1,0.25,1.3,1.7,0.773,1.6,2.2,3.7,0.4,0.6,0.3,0.7,0.4,2.3,1.4,7.7,-1.0,15.3,1,0,2,5,1,7,4,5,7,1,8,8,7,8,7,6,4,10,7,11,11,4,1,5,5,9,6,6,6,6,1,264,2008-09
By Year,2008-09,1610612754,IND,2009-04-15T00:00:00,70,29,41,0.414,14.4,2.8,6.0,0.471,0.0,0.0,0.0,1.4,2.1,0.667,1.6,1.8,3.5,0.7,0.8,0.3,1.1,0.7,3.1,1.9,7.1,-0.9,15.6,0,0,7,7,5,8,9,7,7,5,4,8,4,9,7,9,7,9,9,8,8,7,8,5,6,7,7,8,8,9,2,264,2008-09
By Year,2008-09,1610612764,WAS,2009-04-15T00:00:00,75,17,58,0.227,15.2,2.5,5.2,0.494,0.0,0.0,0.0,1.4,2.2,0.66,1.6,2.3,3.9,0.3,0.8,0.4,1.0,0.5,2.1,1.7,6.5,-3.9,15.2,4,0,4,5,1,9,7,8,6,10,2,7,2,2,5,4,6,7,6,6,8,4,8,4,6,4,6,10,6,4,2,264,2008-09
By Year,2008-09,1610612739,CLE,2009-04-05T00:00:00,62,49,13,0.79,11.4,1.6,3.1,0.515,0.0,0.0,0.0,0.7,1.1,0.672,0.8,1.8,2.7,0.1,0.7,0.2,0.5,0.5,1.3,0.7,4.0,-1.7,8.8,0,0,6,2,7,1,9,10,9,5,1,9,1,10,10,4,10,10,10,10,9,10,7,8,8,10,10,3,10,9,1,264,2008-09
By Year,2008-09,1610612766,CHA,2009-03-03T00:00:00,31,11,20,0.355,5.9,0.8,2.2,0.362,0.0,0.1,0.0,0.6,0.9,0.714,0.3,0.7,1.0,0.1,0.4,0.2,0.2,0.2,1.1,0.6,2.3,0.2,4.4,0,0,5,5,6,4,7,8,7,8,3,4,3,5,5,6,7,7,7,7,6,7,7,7,7,7,7,3,7,5,1,264,2008-09
By Year,2010-11,1610612746,LAC,2011-04-13T00:00:00,82,32,50,0.39,37.9,8.5,16.8,0.506,0.1,0.3,0.292,5.4,8.5,0.642,3.3,8.8,12.1,3.8,2.7,0.8,0.5,1.1,3.1,7.5,22.5,-1.8,43.9,63,2,1,6,1,8,1,5,5,4,6,7,5,3,1,7,2,1,1,6,3,8,4,2,3,1,3,8,1,1,1,264,2010-11
By Year,2009-10,1610612763,MEM,2010-04-14T00:00:00,68,32,36,0.471,13.0,1.1,1.9,0.588,0.0,0.0,0.0,0.8,1.4,0.581,1.3,2.3,3.6,0.2,0.6,0.2,1.3,0.2,2.4,1.3,3.1,-1.1,11.5,0,0,1,2,1,5,1,1,1,3,1,1,1,2,1,3,1,1,1,2,1,2,1,1,1,1,1,3,1,2,1,264,2009-10
By Year,2009-10,1610612760,OKC,2010-04-14T00:00:00,76,47,29,0.618,22.9,3.1,7.6,0.403,1.2,3.3,0.375,2.6,3.2,0.808,0.6,2.6,3.2,1.8,1.4,1.1,0.3,0.6,2.6,2.5,9.9,2.4,19.0,0,0,6,5,3,7,9,9,9,9,9,9,3,9,9,9,6,9,8,9,8,8,8,8,4,9,9,8,9,7,7,264,2009-10
By Year,2009-10,1610612758,SAC,2010-04-13T00:00:00,72,23,49,0.319,37.2,7.4,16.2,0.458,0.5,2.0,0.255,4.8,6.5,0.748,0.9,4.4,5.3,5.8,3.0,1.5,0.4,1.2,2.8,4.7,20.1,-4.6,37.7,13,1,2,3,1,6,1,1,2,3,8,8,8,1,1,8,4,1,1,3,3,1,6,6,1,1,1,9,1,2,1,264,2009-10
By Year,2011-12,1610612750,MIN,2012-03-09T00:00:00,41,21,20,0.512,34.2,3.4,9.5,0.357,0.8,2.3,0.34,3.1,3.8,0.803,0.5,3.7,4.2,8.2,3.2,2.2,0.2,0.8,2.4,3.8,10.6,1.3,32.0,12,0,5,4,5,1,1,4,3,6,4,5,1,4,3,5,6,3,3,5,1,3,1,1,7,2,4,2,5,5,5,264,2011-12
By Year,2009-10,1610612750,MIN,2010-04-12T00:00:00,81,15,66,0.185,28.9,4.9,11.8,0.417,1.0,2.7,0.358,2.8,3.3,0.826,0.3,2.1,2.4,4.4,2.9,1.0,0.0,0.8,1.2,2.6,13.5,-7.7,23.2,0,0,1,1,1,4,1,1,1,1,1,1,1,1,1,1,2,1,1,1,1,1,4,1,1,1,1,4,1,2,1,264,2009-10
By Year,2009-10,1610612744,GSW,2010-04-14T00:00:00,80,25,55,0.313,36.2,6.6,14.3,0.462,2.1,4.8,0.437,2.2,2.5,0.885,0.6,3.9,4.5,5.9,3.0,1.9,0.2,0.6,3.2,2.6,17.5,-2.3,35.1,12,1,1,7,1,9,3,8,7,8,8,7,6,8,8,8,7,3,4,7,6,3,3,3,1,8,8,9,7,5,3,264,2009-10
By Year,2009-10,1610612752,NYK,2010-02-17T00:00:00,24,5,19,0.208,10.5,1.7,3.8,0.446,0.0,0.1,0.0,0.6,0.9,0.714,1.3,1.2,2.5,0.3,0.5,0.4,0.4,0.1,1.5,0.7,4.0,-1.0,9.4,0,0,7,8,5,10,9,9,9,9,2,3,2,9,9,3,9,9,9,8,10,4,9,10,9,8,9,5,9,7,1,264,2009-10
By Year,2009-10,1610612761,TOR,2010-04-14T00:00:00,77,36,41,0.468,21.6,3.3,6.6,0.498,0.1,0.2,0.25,1.9,2.5,0.763,0.9,2.0,2.9,0.7,0.8,0.6,0.2,0.5,2.3,1.9,8.6,-3.0,14.7,0,0,5,5,3,6,9,9,9,1,9,9,8,9,9,9,3,9,9,9,9,9,7,9,4,9,9,8,9,6,1,264,2009-10
By Year,2009-10,1610612749,MIL,2010-04-14T00:00:00,82,46,36,0.561,32.6,5.5,14.8,0.371,1.8,4.7,0.374,2.7,3.3,0.817,0.6,2.8,3.4,5.7,2.4,1.3,0.2,0.9,2.3,2.6,15.5,1.4,30.3,2,0,1,1,3,2,5,4,3,7,5,6,2,6,6,3,5,2,2,4,3,4,3,1,1,5,5,2,5,7,2,264,2009-10
By Year,2009-10,1610612751,NJN,2010-04-14T00:00:00,78,10,68,0.128,22.6,3.3,8.3,0.401,0.4,1.3,0.31,1.3,1.8,0.715,0.6,3.9,4.5,2.9,1.6,0.6,0.1,0.5,1.6,1.5,8.4,-3.4,18.5,8,1,1,2,1,6,1,2,1,3,4,3,4,1,2,2,2,1,1,3,3,2,2,1,2,1,2,3,2,1,1,264,2009-10
By Year,2009-10,1610612754,IND,2010-01-16T00:00:00,29,11,18,0.379,17.6,2.8,7.8,0.36,0.0,0.1,0.0,2.9,3.9,0.743,2.1,2.7,4.8,1.0,0.7,0.6,0.3,1.1,2.4,2.9,8.5,-2.0,17.5,3,0,7,7,6,7,3,3,2,7,3,1,3,2,2,3,2,2,2,1,5,2,2,1,1,4,3,7,2,3,1,264,2009-10
By Year,2009-10,1610612756,PHX,2010-04-14T00:00:00,51,36,15,0.706,7.5,1.1,3.0,0.371,0.0,0.1,0.4,0.5,0.7,0.722,0.4,0.9,1.2,0.4,0.5,0.1,0.3,0.3,0.5,0.5,2.7,-0.7,5.5,0,0,2,2,4,2,8,7,7,5,5,6,1,5,5,3,6,8,8,3,6,6,8,6,8,5,5,3,8,3,1,264,2009-10
By Year,2009-10,1610612765,DET,2010-04-14T00:00:00,69,22,47,0.319,13.3,2.0,4.3,0.464,0.4,1.4,0.305,0.7,0.8,0.821,0.5,2.0,2.5,0.5,0.7,0.4,0.4,0.2,1.7,0.7,5.1,-1.7,10.3,1,0,2,2,1,8,4,2,4,1,7,8,7,3,3,3,3,4,3,6,3,4,4,5,3,3,3,5,4,2,1,264,2009-10
By Year,2009-10,1610612741,CHI,2010-04-14T00:00:00,65,30,35,0.462,11.6,1.5,3.2,0.452,0.2,0.7,0.326,0.8,1.1,0.729,0.5,1.4,2.0,0.7,1.0,0.3,0.7,0.2,1.9,0.9,3.9,-2.1,9.4,0,0,3,5,4,7,9,9,9,7,7,8,3,7,9,2,8,9,9,10,9,10,9,9,7,10,9,7,10,6,1,264,2009-10
By Year,2009-10,1610612755,PHI,2010-04-14T00:00:00,73,24,49,0.329,24.2,3.2,7.1,0.442,0.8,2.2,0.39,0.9,1.2,0.756,0.8,1.8,2.6,3.8,2.1,1.1,0.2,0.4,2.1,1.1,8.0,-2.2,18.8,2,0,3,6,1,9,9,9,9,6,9,9,1,9,9,7,6,9,9,9,8,9,9,9,8,9,9,9,9,7,3,264,2009-10
By Year,2009-10,1610612743,DEN,2010-04-13T00:00:00,65,42,23,0.646,20.3,3.1,6.0,0.515,0.5,1.3,0.41,1.6,2.2,0.757,0.6,1.3,1.9,3.1,1.3,0.7,0.0,0.7,1.4,1.9,8.3,2.6,16.4,0,0,5,3,8,3,8,7,7,1,7,8,1,7,7,5,3,9,8,9,8,9,9,7,7,7,7,3,7,8,2,264,2009-10
By Year,2009-10,1610612737,ATL,2010-04-14T00:00:00,71,50,21,0.704,10.1,1.3,3.2,0.396,0.1,0.5,0.219,0.6,0.7,0.837,0.1,0.9,0.9,1.7,0.7,0.5,0.2,0.3,1.2,0.8,3.2,-0.6,8.1,1,0,6,2,7,2,9,9,9,9,9,9,9,9,9,5,9,9,9,9,9,9,9,9,9,9,9,8,9,8,1,264,2009-10
By Year,2009-10,1610612762,UTA,2009-12-21T00:00:00,26,16,10,0.615,14.0,2.0,5.1,0.391,0.2,0.9,0.208,1.0,1.3,0.758,0.4,1.1,1.5,3.1,1.1,0.5,0.1,0.6,1.3,1.0,5.2,0.3,12.2,1,0,5,4,5,5,6,2,2,4,8,7,8,2,2,3,1,5,4,3,4,2,3,1,4,2,2,5,3,2,1,264,2009-10
By Year,2010-11,1610612764,WAS,2011-04-13T00:00:00,69,19,50,0.275,37.8,5.8,14.1,0.409,0.5,1.7,0.296,4.4,5.7,0.766,0.5,4.1,4.6,8.3,3.8,1.8,0.5,1.2,2.5,4.7,16.4,-6.4,37.4,26,1,5,7,1,8,1,7,7,8,6,6,6,4,5,7,5,3,3,6,5,4,7,1,2,4,7,8,7,5,3,264,2010-11
By Year,2010-11,1610612755,PHI,2011-04-13T00:00:00,78,40,38,0.513,23.0,2.9,6.8,0.425,0.2,0.6,0.318,1.3,1.6,0.808,0.5,3.4,3.9,2.0,1.0,0.6,0.2,0.6,1.8,1.3,7.2,-0.6,16.4,2,0,4,2,4,6,8,9,9,6,8,9,3,6,6,5,5,6,6,9,9,7,7,5,8,9,8,3,8,6,2,264,2010-11
By Year,2010-11,1610612751,NJN,2011-02-16T00:00:00,56,17,39,0.304,19.5,2.5,4.9,0.511,0.0,0.0,0.0,1.3,2.1,0.612,2.3,3.1,5.3,0.4,1.0,0.3,0.7,0.4,3.3,1.4,6.3,-2.7,15.4,2,0,6,7,3,9,9,9,9,6,4,7,4,9,9,8,7,9,8,9,8,9,9,9,1,9,9,7,9,8,1,264,2010-11
By Year,2010-11,1610612750,MIN,2011-04-13T00:00:00,79,17,62,0.215,26.2,3.4,8.6,0.397,1.3,3.7,0.356,0.8,1.2,0.696,0.6,2.4,3.0,1.9,1.2,0.7,0.7,0.2,2.1,0.9,9.0,-2.8,18.5,0,0,2,6,1,8,3,3,2,7,1,2,2,2,2,6,3,5,5,1,1,5,5,4,5,3,3,5,3,3,1,264,2010-11
By Year,2010-11,1610612758,SAC,2011-04-13T00:00:00,81,23,58,0.284,28.5,5.3,12.4,0.43,0.0,0.2,0.167,3.4,5.0,0.687,2.7,6.0,8.6,2.5,3.3,1.0,0.8,1.4,4.1,4.6,14.1,-3.2,30.6,26,0,1,4,1,9,9,9,9,9,6,6,7,9,9,9,5,9,9,8,7,9,8,6,2,9,9,8,9,7,6,264,2010-11
By Year,2010-11,1610612744,GSW,2011-04-13T00:00:00,58,28,30,0.483,17.7,1.7,3.8,0.437,0.0,0.0,0.0,0.7,1.1,0.656,1.4,1.7,3.1,0.7,0.8,0.4,1.5,0.2,2.5,1.4,4.1,1.8,13.6,0,0,2,2,3,3,4,3,3,4,1,3,1,5,5,6,5,5,5,5,3,5,3,6,3,3,4,3,3,3,1,264,2010-11
By Year,2010-11,1610612765,DET,2011-04-13T00:00:00,80,30,50,0.375,27.8,3.8,6.9,0.551,0.0,0.0,0.0,1.8,2.9,0.622,3.1,4.4,7.5,1.3,1.0,1.2,0.6,0.9,2.5,2.3,9.4,-1.7,24.5,21,0,4,3,3,5,6,8,8,2,1,5,1,7,7,8,4,8,7,8,9,3,5,6,3,7,8,5,8,6,2,264,2010-11
By Year,2010-11,1610612746,LAC,2011-04-13T00:00:00,81,31,50,0.383,17.9,2.0,5.0,0.394,0.6,1.8,0.315,1.1,1.5,0.773,0.9,2.4,3.3,0.7,1.3,0.7,0.3,0.5,1.5,1.1,5.6,-2.3,12.5,0,0,2,5,2,6,8,8,7,7,4,4,4,6,7,1,8,8,8,8,5,8,8,4,8,7,7,7,8,8,1,264,2010-11
By Year,2010-11,1610612762,UTA,2011-04-13T00:00:00,72,33,39,0.458,16.9,2.0,4.1,0.485,0.5,1.0,0.473,1.0,1.3,0.711,0.6,1.4,1.9,1.1,1.0,0.4,0.3,0.2,1.5,1.7,5.4,-2.7,10.5,0,0,5,6,4,6,7,7,7,2,7,7,1,7,7,7,7,7,7,7,7,7,7,7,7,7,7,7,7,6,1,264,2010-11
By Year,2010-11,1610612754,IND,2011-04-13T00:00:00,61,29,32,0.475,20.7,2.9,6.5,0.453,0.7,2.3,0.297,1.3,1.7,0.762,0.6,3.1,3.7,1.1,1.1,1.0,0.4,0.5,2.1,1.2,7.8,-0.1,17.0,0,0,6,6,3,8,7,8,8,2,8,8,8,8,8,7,8,7,7,7,8,7,4,7,7,8,8,8,7,7,3,264,2010-11
By Year,2010-11,1610612760,OKC,2011-03-25T00:00:00,18,11,7,0.611,7.9,0.4,0.8,0.533,0.0,0.0,0.0,0.1,0.2,0.5,0.7,1.2,1.9,0.2,0.4,0.3,0.4,0.1,1.7,0.3,1.0,0.4,5.2,0,0,7,6,7,3,5,8,8,5,1,1,1,9,9,7,6,8,6,5,5,6,6,5,3,7,8,2,7,6,1,264,2010-11
By Year,2010-11,1610612763,MEM,2011-02-22T00:00:00,38,19,19,0.5,13.9,1.7,4.2,0.406,0.1,0.4,0.118,0.9,1.4,0.635,0.2,0.7,1.0,0.5,0.3,0.3,0.1,0.2,1.3,1.1,4.3,-1.2,7.0,0,0,4,1,4,1,3,3,3,3,4,2,4,5,5,2,4,4,4,3,4,5,4,4,4,5,3,4,4,1,1,264,2010-11
By Year,2010-11,1610612761,TOR,2011-04-13T00:00:00,65,16,49,0.246,24.6,3.3,5.7,0.576,0.0,0.0,0.0,1.1,2.0,0.555,2.6,4.5,7.1,0.6,0.7,0.6,1.0,0.5,2.8,1.4,7.7,-5.3,21.3,13,0,4,8,2,9,1,3,3,3,1,2,1,4,4,7,3,5,3,5,6,4,3,2,2,7,3,9,3,1,1,264,2010-11
By Year,2010-11,1610612745,HOU,2011-04-13T00:00:00,52,29,23,0.558,16.7,2.9,5.1,0.558,0.0,0.0,0.0,0.6,0.8,0.714,1.7,2.2,3.8,0.8,0.6,0.3,0.7,0.2,1.5,0.7,6.3,0.2,14.6,4,0,5,6,5,5,9,7,9,1,9,10,9,6,7,8,5,9,9,9,8,10,1,6,9,8,9,6,9,1,1,264,2010-11
By Year,2010-11,1610612749,MIL,2011-04-13T00:00:00,60,28,32,0.467,14.5,1.9,4.5,0.433,0.0,0.0,0.0,0.5,0.8,0.56,1.0,2.0,3.0,0.3,0.6,0.4,1.2,0.2,2.0,0.7,4.3,-2.4,12.4,1,0,2,2,2,2,4,4,4,5,1,4,1,4,4,3,5,4,5,5,5,5,5,5,5,5,4,4,5,3,2,264,2010-11
By Year,2010-11,1610612757,POR,2011-04-13T00:00:00,24,11,13,0.458,5.7,0.6,2.3,0.273,0.1,0.7,0.188,0.1,0.4,0.333,0.3,1.0,1.3,0.3,0.3,0.1,0.1,0.1,0.6,0.3,1.5,-1.4,3.5,1,0,8,6,8,3,8,8,8,8,8,8,8,8,5,8,4,8,8,8,8,8,7,7,8,6,8,5,8,1,1,264,2010-11
By Year,2010-11,1610612764,WAS,2011-04-13T00:00:00,58,15,43,0.259,10.9,1.1,2.5,0.449,0.0,0.0,0.0,0.4,0.5,0.71,1.4,1.2,2.6,0.2,0.7,0.3,0.5,0.3,2.2,0.4,2.7,-3.4,7.7,0,0,3,6,2,7,6,7,7,6,1,5,1,6,5,3,2,7,6,7,6,3,6,3,4,7,7,7,7,4,1,264,2010-11
By Year,2010-11,1610612746,LAC,2011-04-13T00:00:00,81,32,49,0.395,22.7,2.5,6.0,0.424,0.4,1.4,0.276,1.2,1.6,0.744,0.8,1.9,2.8,3.6,2.4,1.1,0.3,0.4,1.6,1.5,6.7,-2.7,17.3,1,0,1,3,1,6,7,8,8,7,8,7,8,8,8,7,4,7,7,6,7,8,9,7,7,8,8,7,8,6,3,264,2010-11
By Year,2010-11,1610612738,BOS,2011-04-13T00:00:00,31,21,10,0.677,5.2,0.7,2.2,0.343,0.0,0.2,0.0,0.2,0.4,0.5,0.1,0.4,0.5,0.4,0.5,0.3,0.0,0.2,0.6,0.4,1.7,-1.8,3.3,0,0,7,6,8,1,8,8,8,8,8,8,8,8,8,8,8,8,8,8,8,8,8,8,8,8,8,7,8,4,1,264,2010-11
By Year,2010-11,1610612759,SAS,2011-04-12T00:00:00,26,17,9,0.654,11.0,1.2,3.1,0.383,0.7,1.8,0.391,0.5,0.7,0.778,0.1,0.8,0.9,0.7,0.5,0.1,0.2,0.2,0.9,0.7,3.6,-1.9,6.3,0,0,5,5,5,3,4,5,5,4,2,2,2,5,4,2,6,6,6,6,6,6,3,3,3,3,4,5,6,1,1,264,2010-11
By Year,2011-12,1610612739,CLE,2012-04-25T00:00:00,51,17,34,0.333,30.5,6.9,14.6,0.469,1.4,3.6,0.399,3.4,3.8,0.872,0.9,2.9,3.7,5.4,3.1,1.1,0.4,1.0,2.2,2.9,18.5,-3.1,32.3,1,0,6,7,3,6,7,7,7,3,7,7,4,6,6,4,1,3,1,4,2,6,1,3,5,6,7,7,6,5,2,264,2011-12
By Year,2011-12,1610612750,MIN,2012-04-26T00:00:00,66,26,40,0.394,21.5,3.1,7.5,0.412,0.6,2.1,0.268,2.1,3.0,0.697,1.2,3.5,4.7,0.6,1.2,0.5,0.5,0.7,1.4,1.9,8.8,-1.6,17.0,2,0,5,4,5,4,3,3,2,6,4,3,6,4,4,5,2,2,2,5,2,4,2,2,3,4,3,3,2,4,1,264,2011-12
By Year,2011-12,1610612762,UTA,2012-04-26T00:00:00,66,36,30,0.545,13.2,1.8,3.6,0.496,0.0,0.0,0.0,1.1,1.6,0.667,1.6,2.6,4.2,0.1,0.8,0.3,0.3,0.6,1.3,1.3,4.6,-2.0,10.9,1,0,5,3,4,4,8,8,8,6,6,6,6,8,8,8,8,7,8,8,8,8,7,8,8,8,8,7,8,8,1,264,2011-12
By Year,2011-12,1610612739,CLE,2012-04-26T00:00:00,60,18,42,0.3,23.7,3.2,7.4,0.439,0.0,0.0,0.0,1.8,3.2,0.552,3.1,3.4,6.5,0.5,1.4,0.5,1.0,1.2,2.2,2.4,8.2,-5.2,19.8,9,0,6,6,3,6,6,5,3,7,1,3,1,5,3,5,6,6,6,6,2,5,2,3,6,6,4,7,6,6,1,264,2011-12
By Year,2012-13,1610612761,TOR,2013-04-17T00:00:00,62,25,37,0.403,23.9,3.3,5.9,0.557,0.0,0.0,0.0,2.4,3.0,0.789,2.0,4.0,6.0,0.7,1.5,0.3,1.3,0.5,3.0,2.5,8.9,-2.0,20.3,8,0,4,5,1,6,5,6,6,3,3,5,3,5,4,3,6,6,6,1,2,6,2,5,2,5,6,6,6,5,1,264,2012-13
By Year,2011-12,1610612764,WAS,2012-04-26T00:00:00,57,19,38,0.333,18.9,2.1,3.8,0.537,0.0,0.0,0.0,0.6,1.1,0.532,1.8,2.6,4.4,0.8,1.1,0.7,0.6,0.3,2.7,1.1,4.7,-1.7,13.8,2,0,1,1,1,2,1,1,2,1,1,2,1,1,2,1,1,1,1,1,1,3,3,3,1,1,1,3,2,1,1,264,2011-12
By Year,2011-12,1610612766,CHA,2012-04-26T00:00:00,63,7,56,0.111,23.1,2.0,4.4,0.464,0.0,0.0,0.0,1.1,2.3,0.483,1.8,4.0,5.8,0.4,1.1,0.3,1.8,0.5,2.3,2.0,5.2,-7.3,18.1,5,0,6,7,2,7,2,2,1,6,1,3,1,4,4,7,5,4,5,3,2,2,1,4,4,4,3,7,4,5,1,264,2011-12
By Year,2011-12,1610612765,DET,2012-04-26T00:00:00,66,25,41,0.379,32.2,4.8,11.7,0.415,1.6,4.2,0.38,1.6,2.1,0.759,0.5,2.7,3.2,3.8,2.6,0.7,0.2,0.7,2.3,2.6,12.8,-3.9,22.5,3,0,3,3,3,3,4,4,6,3,5,6,2,7,7,6,4,4,5,6,5,5,4,3,2,7,6,4,5,3,2,264,2011-12
By Year,2011-12,1610612766,CHA,2012-04-26T00:00:00,66,7,59,0.106,27.2,4.3,11.6,0.366,1.0,3.4,0.305,2.5,3.2,0.789,0.5,3.1,3.5,4.4,1.8,0.9,0.3,0.7,1.2,3.4,12.1,-7.6,24.8,2,1,5,7,2,7,7,7,7,7,7,7,6,7,7,7,6,4,5,7,6,7,5,7,7,7,7,7,7,6,1,264,2011-12
By Year,2011-12,1610612758,SAC,2012-04-26T00:00:00,61,20,41,0.328,18.6,2.8,7.3,0.386,1.3,3.5,0.361,0.7,0.8,0.833,0.3,0.9,1.2,1.8,1.1,0.5,0.0,0.4,1.2,0.8,7.6,-3.4,12.2,0,0,2,3,2,5,1,1,1,5,1,1,5,4,4,5,1,2,1,1,1,1,2,1,1,3,1,6,1,1,1,264,2011-12
By Year,2011-12,1610612744,GSW,2012-04-26T00:00:00,66,23,43,0.348,24.4,4.8,10.9,0.443,1.7,4.1,0.414,1.2,1.4,0.868,0.4,2.1,2.4,2.0,1.6,0.7,0.3,0.5,2.3,1.2,12.5,-2.0,20.0,0,0,6,7,1,7,7,7,7,6,7,7,6,7,7,4,6,7,7,7,7,6,7,5,3,7,7,7,7,4,1,264,2011-12
By Year,2011-12,1610612762,UTA,2012-04-26T00:00:00,59,33,26,0.559,15.9,2.6,6.1,0.429,0.3,0.8,0.333,1.8,2.4,0.727,1.0,1.3,2.2,0.9,0.9,0.5,0.1,0.6,1.4,1.7,7.2,-0.4,12.0,0,0,3,1,3,2,6,5,6,2,7,7,6,5,5,6,1,7,7,6,6,6,7,4,5,6,5,4,6,2,1,264,2011-12
By Year,2011-12,1610612756,PHX,2012-04-25T00:00:00,63,31,32,0.492,19.5,2.8,6.9,0.399,0.7,2.0,0.347,1.2,1.7,0.717,1.1,3.3,4.4,1.0,1.1,0.7,0.7,0.4,2.8,1.8,7.4,-1.2,17.1,1,0,5,4,4,5,8,8,8,7,5,6,3,7,6,8,7,7,8,8,8,7,2,5,6,5,8,6,8,5,1,264,2011-12
By Year,2011-12,1610612745,HOU,2012-04-26T00:00:00,17,8,9,0.471,7.4,0.9,3.2,0.296,0.1,1.0,0.118,0.4,0.5,0.75,0.3,0.6,0.9,0.2,0.2,0.1,0.1,0.2,0.7,0.5,2.4,-1.7,4.2,0,0,8,7,7,6,8,8,8,8,8,8,8,8,8,4,8,8,8,8,8,8,8,7,8,8,8,7,8,5,1,264,2011-12
By Year,2011-12,1610612759,SAS,2012-04-25T00:00:00,64,49,15,0.766,24.0,3.1,6.3,0.493,0.6,1.7,0.376,1.1,1.4,0.773,1.6,3.5,5.1,1.1,0.7,1.3,0.4,0.5,1.4,1.1,7.9,2.0,20.1,4,0,4,4,3,3,6,7,7,4,7,7,4,6,7,6,1,7,6,7,7,6,7,4,6,7,7,7,7,6,1,264,2011-12
By Year,2011-12,1610612755,PHI,2012-04-26T00:00:00,51,26,25,0.51,15.9,2.6,5.7,0.45,0.1,0.2,0.375,0.4,0.7,0.529,1.7,3.1,4.8,0.6,0.6,0.4,0.7,0.2,2.2,0.5,5.5,0.5,14.8,2,0,6,3,6,1,7,7,7,7,3,3,1,7,7,7,7,7,7,7,7,7,7,7,7,7,7,1,7,7,2,264,2011-12
By Year,2011-12,1610612752,NYK,2012-04-26T00:00:00,59,34,25,0.576,28.9,3.6,9.1,0.401,0.8,2.7,0.306,1.5,1.8,0.798,0.7,2.4,3.2,2.8,1.9,1.7,0.1,0.5,2.9,2.1,9.5,1.9,21.2,0,0,3,4,3,6,1,2,1,4,6,7,6,1,1,1,4,6,5,2,1,1,7,1,1,1,1,5,1,3,1,264,2011-12
By Year,2011-12,1610612764,WAS,2012-04-26T00:00:00,66,20,46,0.303,21.7,1.8,4.7,0.372,0.7,1.9,0.346,0.5,0.7,0.682,0.7,2.9,3.5,0.7,0.6,1.1,0.5,0.2,2.7,0.9,4.6,-2.2,14.0,0,0,1,1,1,2,1,1,1,3,1,1,2,3,3,2,3,1,1,1,3,1,1,3,1,2,1,2,1,2,1,264,2011-12
By Year,2011-12,1610612749,MIL,2012-04-26T00:00:00,42,21,21,0.5,11.4,1.9,4.0,0.467,0.1,0.5,0.261,1.0,1.3,0.815,0.7,1.7,2.4,0.5,0.7,0.3,0.2,0.5,1.1,0.9,5.0,0.1,9.3,1,0,5,2,6,3,9,9,9,3,9,9,8,8,8,5,8,8,8,8,8,8,9,8,9,8,8,3,8,7,1,264,2011-12
By Year,2012-13,1610612745,HOU,2013-04-15T00:00:00,44,27,17,0.614,12.2,2.2,4.8,0.455,0.5,1.9,0.289,0.7,1.2,0.627,0.8,1.3,2.1,0.7,0.8,0.2,0.2,0.2,1.7,1.3,5.7,0.9,9.6,0,0,3,3,5,3,5,3,3,2,2,1,2,5,5,2,4,5,5,4,4,5,4,4,4,5,3,3,5,3,1,264,2012-13
By Year,2012-13,1610612740,NOH,2013-04-10T00:00:00,64,23,41,0.359,28.8,5.5,10.6,0.516,0.0,0.1,0.0,2.6,3.5,0.751,2.6,5.6,8.2,1.0,1.4,1.2,1.8,0.7,2.5,3.2,13.5,-2.4,32.2,20,0,4,5,2,6,6,6,6,4,6,6,6,6,6,6,2,6,6,6,6,5,6,5,2,6,6,5,6,5,1,264,2012-13
By Year,2012-13,1610612766,CHA,2013-04-17T00:00:00,78,20,58,0.256,26.0,3.6,7.9,0.458,0.0,0.1,0.222,1.8,2.4,0.749,1.7,4.2,5.8,1.5,1.3,0.7,0.9,1.2,2.1,1.9,9.0,-3.7,21.8,6,0,2,4,1,6,5,5,4,6,2,3,2,5,4,2,5,4,4,1,1,4,2,1,4,6,5,6,4,3,1,264,2012-13
By Year,2012-13,1610612764,WAS,2013-04-02T00:00:00,56,21,35,0.375,31.2,5.0,12.3,0.41,1.6,4.2,0.386,2.2,2.8,0.786,0.8,3.0,3.8,2.4,1.6,0.9,0.5,0.8,2.0,1.9,13.9,-1.6,24.7,3,0,4,5,1,6,5,6,6,6,6,5,5,4,4,4,3,2,3,6,6,6,1,4,5,6,6,6,6,1,1,264,2012-13
By Year,2012-13,1610612739,CLE,2013-04-17T00:00:00,61,20,41,0.328,28.8,5.5,13.4,0.412,1.0,3.3,0.31,2.6,3.5,0.746,0.4,2.1,2.4,3.0,2.0,1.0,0.3,1.1,1.9,2.5,14.7,-2.5,23.8,0,0,3,5,2,7,5,3,4,3,6,5,5,1,1,2,6,6,6,3,4,4,4,1,5,3,3,6,4,4,1,264,2012-13
By Year,2012-13,1610612758,SAC,2013-02-19T00:00:00,51,18,33,0.353,15.9,2.0,4.8,0.424,0.0,0.0,0.0,0.8,1.4,0.577,1.8,2.9,4.7,0.7,1.3,0.5,0.4,0.5,1.9,1.4,4.8,-2.8,12.9,3,0,3,3,2,4,2,3,2,7,1,6,1,4,6,2,3,6,3,2,1,6,2,3,3,3,3,6,3,2,1,264,2012-13
By Year,2012-13,1610612757,POR,2013-04-17T00:00:00,82,33,49,0.402,38.6,6.7,15.7,0.429,2.3,6.1,0.368,3.3,3.9,0.844,0.5,2.6,3.1,6.5,3.0,0.9,0.2,1.0,2.1,3.4,19.0,-0.8,33.0,7,0,1,5,1,6,1,5,6,3,6,6,4,6,6,6,5,6,6,2,3,4,6,5,3,6,6,6,6,3,1,264,2012-13
By Year,2012-13,1610612744,GSW,2013-04-17T00:00:00,81,46,35,0.568,25.4,3.4,7.8,0.439,0.6,1.8,0.359,1.8,2.3,0.758,0.7,3.5,4.1,1.2,1.2,0.6,0.2,0.6,1.7,2.0,9.2,0.6,17.2,4,0,2,4,2,4,6,6,6,5,6,6,3,3,3,4,6,5,5,6,3,5,4,3,4,3,6,3,6,3,1,264,2012-13
By Year,2012-13,1610612761,TOR,2013-04-16T00:00:00,73,29,44,0.397,17.0,2.5,6.3,0.407,0.9,2.7,0.332,0.4,0.6,0.714,0.5,1.5,2.0,0.7,0.7,0.6,0.2,0.3,1.7,0.6,6.4,-0.9,11.5,0,0,3,5,1,6,7,7,7,6,7,7,6,7,7,7,2,7,7,7,5,7,7,5,4,6,7,5,7,2,1,264,2012-13
By Year,2012-13,1610612765,DET,2013-04-17T00:00:00,60,23,37,0.383,20.7,3.5,5.7,0.608,0.0,0.0,0.5,1.0,2.7,0.371,2.8,4.8,7.6,0.5,1.0,1.0,1.6,0.5,2.4,2.1,7.9,-0.9,24.6,9,0,5,5,5,5,6,6,6,2,3,4,1,6,6,5,6,6,6,5,6,5,3,6,6,6,6,4,6,6,1,264,2012-13
By Year,2012-13,1610612740,NOH,2013-03-06T00:00:00,61,21,40,0.344,23.2,2.4,6.4,0.372,0.5,1.4,0.326,1.0,1.8,0.546,0.3,1.5,1.8,2.1,1.2,0.4,0.1,0.9,2.0,1.7,6.2,-2.6,12.0,0,0,4,5,2,7,3,7,6,7,6,7,5,6,5,7,7,6,7,5,3,7,4,2,4,5,7,7,7,2,1,264,2012-13
By Year,2012-13,1610612757,POR,2013-04-17T00:00:00,69,28,41,0.406,17.5,2.2,4.0,0.545,0.0,0.1,0.429,1.0,1.3,0.809,1.2,2.5,3.7,0.5,0.7,0.2,0.6,0.3,2.4,1.3,5.5,-2.2,12.0,1,0,2,4,1,5,2,3,4,2,5,6,2,1,1,3,1,4,3,5,2,5,1,1,2,1,3,6,3,3,1,264,2012-13
By Year,2012-13,1610612760,OKC,2013-04-17T00:00:00,23,20,3,0.87,6.4,1.0,3.0,0.353,0.4,1.3,0.3,0.6,0.6,1.0,0.2,0.6,0.8,0.2,0.3,0.1,0.1,0.3,0.6,0.3,3.1,-2.0,4.6,0,0,6,5,6,1,6,6,6,6,6,6,5,6,6,1,5,6,6,6,6,6,6,4,6,6,6,6,6,4,1,264,2012-13
By Year,2012-13,1610612756,PHX,2013-04-17T00:00:00,48,12,36,0.25,14.6,1.2,3.1,0.371,0.5,1.5,0.315,0.2,0.3,0.571,0.1,0.8,0.9,3.0,1.2,0.5,0.1,0.1,1.0,0.5,3.0,-3.9,8.9,0,0,2,3,2,3,3,4,4,3,4,4,4,4,4,3,2,4,4,3,4,4,1,4,2,4,4,4,3,2,1,264,2012-13
By Year,2012-13,1610612749,MIL,2013-04-17T00:00:00,63,27,36,0.429,13.1,2.6,5.3,0.482,0.0,0.0,0.0,0.9,1.7,0.533,1.8,2.9,4.7,0.5,0.7,0.3,0.7,0.3,1.3,1.4,6.0,-0.6,14.6,6,0,3,2,2,4,6,6,3,6,1,2,1,6,6,4,3,4,4,6,6,6,6,2,6,6,6,2,6,2,1,264,2012-13
By Year,2012-13,1610612753,ORL,2013-04-17T00:00:00,76,18,58,0.237,26.0,3.4,7.4,0.461,0.4,1.5,0.274,1.0,1.7,0.57,1.6,2.8,4.4,0.7,0.9,1.2,0.8,0.7,1.9,1.2,8.2,-6.2,19.5,1,0,4,4,1,5,2,2,2,4,5,5,5,3,2,5,2,2,2,5,3,2,3,1,2,3,2,6,2,3,1,264,2012-13
By Year,2013-14,1610612758,SAC,2014-03-26T00:00:00,3,1,2,0.333,3.0,0.0,0.3,0.0,0.0,0.0,0.0,0.0,0.0,0.0,0.0,0.0,0.0,0.0,0.0,0.0,0.0,0.0,0.7,0.0,0.0,-2.0,0.0,0,0,1,1,1,1,1,1,1,1,1,1,1,1,1,1,1,1,1,1,1,1,1,1,1,1,1,1,1,1,1,264,2013-14
By Year,2012-13,1610612739,CLE,2013-04-17T00:00:00,77,24,53,0.312,26.4,3.2,7.3,0.438,0.0,0.1,0.0,1.6,2.0,0.764,2.1,3.6,5.7,1.2,1.2,0.5,0.9,0.6,3.3,2.4,7.9,-3.4,19.5,7,0,2,5,1,6,1,3,2,6,2,2,2,2,2,3,1,2,1,2,1,1,1,2,1,1,3,6,2,1,1,264,2012-13
By Year,2012-13,1610612745,HOU,2013-04-17T00:00:00,19,9,10,0.474,14.5,2.3,4.9,0.457,0.3,1.0,0.263,0.7,0.9,0.765,1.5,1.9,3.4,0.8,0.7,0.6,1.0,0.5,1.1,0.7,5.5,-0.2,15.0,1,0,5,5,4,4,5,5,5,4,5,5,4,5,5,1,3,5,5,5,5,3,4,5,5,5,5,3,5,4,1,264,2012-13
By Year,2012-13,1610612753,ORL,2013-04-17T00:00:00,75,18,57,0.24,16.7,3.4,6.5,0.527,0.0,0.0,0.0,1.0,1.3,0.798,0.9,2.5,3.4,0.6,1.1,0.3,0.4,0.3,1.8,1.2,7.8,-2.1,14.0,2,0,2,3,1,5,1,1,1,1,6,6,6,1,1,3,1,3,2,1,1,3,1,1,3,1,1,3,1,2,1,264,2012-13
By Year,2012-13,1610612743,DEN,2013-04-17T00:00:00,38,25,13,0.658,11.3,2.0,4.0,0.493,0.6,1.4,0.407,0.8,1.0,0.769,0.2,0.8,0.9,1.2,0.8,0.5,0.0,0.6,1.7,0.8,5.3,1.6,8.9,0,0,5,3,6,1,6,6,6,1,6,6,2,6,6,4,6,6,6,6,6,5,5,5,6,6,6,1,6,2,1,264,2012-13
By Year,2013-14,1610612739,CLE,2014-04-16T00:00:00,52,20,32,0.385,12.7,1.5,4.3,0.356,0.3,1.0,0.245,0.8,1.3,0.638,0.9,2.0,3.0,0.3,0.9,0.4,0.2,0.3,1.8,0.9,4.2,-1.6,9.0,2,0,2,1,2,2,2,3,2,3,2,2,3,2,2,4,2,3,3,3,1,2,2,3,1,3,3,2,3,1,1,264,2013-14
By Year,2013-14,1610612753,ORL,2014-04-16T00:00:00,80,23,57,0.288,31.1,4.9,11.7,0.419,0.9,2.8,0.327,3.1,4.0,0.78,0.5,3.6,4.1,4.1,3.2,1.6,0.5,1.1,2.6,3.4,13.8,-3.4,27.9,7,1,1,3,1,5,5,5,5,5,5,5,5,3,3,4,4,4,5,2,1,3,3,3,1,3,5,4,4,1,1,264,2013-14
By Year,2013-14,1610612764,WAS,2014-04-16T00:00:00,37,20,17,0.541,8.6,0.9,2.5,0.363,0.1,0.6,0.19,0.2,0.3,0.667,0.6,1.0,1.5,0.3,0.4,0.2,0.0,0.1,0.7,0.4,2.1,-0.2,4.7,0,0,4,4,4,4,5,5,5,5,5,5,5,5,5,5,5,5,5,5,5,5,5,5,5,5,5,4,5,4,1,264,2013-14
By Year,2013-14,1610612766,CHA,2014-04-16T00:00:00,82,43,39,0.524,17.3,2.1,4.9,0.426,0.0,0.0,0.0,1.8,2.4,0.73,1.4,2.9,4.3,1.1,1.1,0.5,0.5,0.5,2.1,2.0,6.0,-1.1,14.7,1,0,1,1,1,3,5,5,5,5,4,5,4,5,5,3,5,5,5,3,2,4,5,5,5,5,5,5,5,4,1,264,2013-14
By Year,2013-14,1610612756,PHX,2014-04-16T00:00:00,42,24,18,0.571,8.6,0.8,1.9,0.423,0.0,0.0,0.0,0.5,0.7,0.645,0.9,1.4,2.4,0.1,0.6,0.1,0.4,0.2,1.6,0.6,2.0,-1.3,6.0,0,0,4,2,4,1,5,5,5,4,4,4,4,5,5,5,5,5,5,5,5,5,5,5,5,5,5,2,5,5,1,264,2013-14
By Year,2014-15,1610612755,PHI,2015-04-08T00:00:00,75,18,57,0.24,30.8,4.0,8.7,0.462,0.0,0.0,0.0,1.9,3.1,0.609,2.5,5.7,8.1,1.7,1.9,1.8,1.9,0.5,2.8,3.0,9.9,-5.7,31.3,18,0,1,1,1,3,1,2,2,5,2,3,2,2,2,4,1,2,1,2,2,1,1,2,2,1,2,4,1,1,1,264,2014-15
By Year,2013-14,1610612758,SAC,2014-04-16T00:00:00,82,28,54,0.341,26.7,3.1,8.3,0.376,1.2,3.6,0.32,1.4,1.7,0.804,0.6,2.2,2.9,1.0,1.2,0.5,0.2,0.5,2.5,1.5,8.8,-2.5,14.9,0,0,1,2,1,4,2,2,2,5,2,2,4,2,2,2,1,2,2,3,3,3,3,1,3,2,2,5,2,2,1,264,2013-14
By Year,2013-14,1610612765,DET,2014-04-16T00:00:00,80,28,52,0.35,19.8,2.3,5.8,0.396,0.7,2.3,0.319,0.6,0.8,0.77,0.5,1.5,2.0,0.7,0.4,0.9,0.2,0.2,1.8,0.7,5.9,-0.8,12.2,0,0,2,4,1,4,5,5,5,5,5,5,4,5,5,3,5,5,5,5,5,5,5,5,4,5,5,3,5,4,1,264,2013-14
By Year,2013-14,1610612762,UTA,2014-04-16T00:00:00,70,24,46,0.343,32.3,4.9,12.8,0.38,1.6,4.8,0.33,1.5,1.6,0.903,0.5,2.4,3.0,5.7,1.9,0.6,0.1,0.4,2.1,1.4,12.8,-3.7,25.0,8,0,2,4,1,4,1,1,2,3,2,2,3,1,2,1,1,1,1,1,1,2,4,3,1,2,2,4,1,1,1,264,2013-14
By Year,2013-14,1610612757,POR,2014-04-16T00:00:00,38,21,17,0.553,12.5,1.9,4.7,0.416,0.8,2.1,0.375,0.6,0.9,0.676,0.2,1.1,1.3,0.7,0.9,0.4,0.1,0.3,1.4,0.7,5.3,-0.6,8.2,0,0,4,4,4,2,5,5,5,5,5,5,5,5,5,5,5,5,5,5,4,5,5,5,4,5,5,5,5,4,1,264,2013-14
By Year,2013-14,1610612755,PHI,2014-04-16T00:00:00,70,18,52,0.257,34.5,6.1,15.1,0.405,0.8,3.0,0.264,3.7,5.2,0.703,1.4,4.8,6.2,6.3,3.5,1.9,0.6,1.6,3.0,5.1,16.7,-6.4,37.5,16,2,1,3,1,6,1,1,1,3,1,2,2,1,1,4,1,2,1,2,2,2,2,1,1,1,1,5,1,1,2,264,2013-14
By Year,2013-14,1610612760,OKC,2014-04-16T00:00:00,81,59,22,0.728,14.8,1.1,2.3,0.503,0.0,0.0,0.0,1.0,1.7,0.581,1.8,2.3,4.1,0.5,0.9,0.5,0.7,0.2,2.5,1.5,3.3,0.7,11.7,1,0,1,1,4,1,5,5,5,5,1,4,1,5,5,4,5,5,5,5,5,5,5,5,4,5,5,4,5,5,1,264,2013-14
By Year,2013-14,1610612738,BOS,2014-04-16T00:00:00,70,18,52,0.257,20.0,3.3,7.2,0.466,0.6,1.6,0.351,1.4,1.7,0.811,2.0,3.2,5.2,1.6,1.5,0.5,0.4,0.5,3.2,1.8,8.7,-0.1,18.4,3,0,2,4,1,5,5,5,3,4,5,5,4,3,4,1,1,4,2,4,3,5,5,1,2,4,5,5,5,1,1,264,2013-14
By Year,2013-14,1610612750,MIN,2014-04-04T00:00:00,37,21,16,0.568,7.8,1.5,3.4,0.46,0.1,0.3,0.273,0.7,1.1,0.65,0.6,0.8,1.4,0.2,0.4,0.2,0.0,0.4,0.6,0.8,3.9,-2.1,6.1,0,0,4,3,4,1,5,5,5,4,5,5,4,4,4,5,4,5,5,5,4,5,5,4,5,4,5,2,5,3,1,264,2013-14
By Year,2013-14,1610612749,MIL,2014-04-16T00:00:00,77,14,63,0.182,24.6,2.2,5.4,0.414,0.5,1.5,0.347,1.8,2.6,0.683,1.0,3.4,4.4,1.9,1.6,0.8,0.8,0.4,2.2,2.2,6.8,-2.3,18.2,2,0,4,5,1,5,5,5,5,5,2,3,1,5,5,5,5,5,5,5,5,5,5,5,5,5,5,5,5,5,3,264,2013-14
By Year,2014-15,1610612761,TOR,2015-02-21T00:00:00,6,3,3,0.5,3.8,0.3,1.3,0.25,0.0,0.0,0.0,0.3,0.7,0.5,0.3,1.5,1.8,0.2,0.3,0.3,0.0,0.0,1.0,0.3,1.0,-1.8,4.1,0,0,4,4,4,4,4,4,4,4,4,4,4,3,2,4,4,3,3,4,4,4,4,4,3,4,4,4,4,1,1,264,2014-15
By Year,2013-14,1610612737,ATL,2014-04-16T00:00:00,49,21,28,0.429,13.1,1.5,3.8,0.383,0.2,0.9,0.238,0.6,0.9,0.674,0.1,1.1,1.2,1.9,1.2,0.3,0.0,0.3,1.1,1.2,3.7,-4.2,7.8,0,0,4,4,3,4,5,5,5,5,5,5,5,5,5,5,5,5,5,5,5,5,5,5,5,5,5,5,5,5,1,264,2013-14
By Year,2013-14,1610612742,DAL,2014-04-12T00:00:00,48,26,22,0.542,10.2,1.1,2.9,0.38,0.3,0.8,0.316,0.3,0.5,0.64,0.2,0.6,0.9,1.5,0.8,0.5,0.0,0.3,1.0,0.7,2.8,1.3,6.9,0,0,3,1,3,2,4,4,4,4,4,4,3,4,4,4,3,4,4,3,3,3,4,3,4,4,4,1,4,2,1,264,2013-14
By Year,2013-14,1610612739,CLE,2014-04-09T00:00:00,22,7,15,0.318,7.1,0.5,1.6,0.343,0.2,0.9,0.211,0.4,0.5,0.9,0.0,0.7,0.7,0.3,0.5,0.1,0.0,0.0,1.0,0.5,1.7,-2.2,3.0,0,0,3,3,3,2,3,3,3,3,3,3,3,3,3,2,3,3,3,3,3,3,2,3,2,3,3,3,3,1,1,264,2013-14
By Year,2013-14,1610612741,CHI,2014-04-16T00:00:00,77,46,31,0.597,16.0,1.7,4.4,0.384,0.7,2.3,0.32,0.4,0.5,0.756,0.2,1.4,1.6,0.9,0.6,0.4,0.2,0.3,1.1,0.5,4.5,-1.5,8.9,0,0,2,1,2,1,5,5,5,4,5,5,5,5,4,4,4,5,5,4,4,4,3,2,5,5,5,5,5,4,1,264,2013-14
By Year,2014-15,1610612750,MIN,2015-04-15T00:00:00,82,16,66,0.195,36.2,6.1,13.9,0.437,0.5,1.5,0.31,4.3,5.7,0.76,1.6,2.9,4.6,2.1,2.2,1.0,0.6,0.8,2.3,4.6,16.9,-6.7,28.3,2,0,1,4,1,4,3,4,4,3,4,4,3,3,3,3,1,1,1,2,3,2,1,3,1,3,4,4,4,1,1,264,2014-15
By Year,2014-15,1610612749,MIL,2014-12-15T00:00:00,25,13,12,0.52,29.5,5.2,10.5,0.49,0.2,0.6,0.25,1.8,2.6,0.697,2.0,3.5,5.5,1.7,1.9,1.2,0.2,0.8,1.7,2.4,12.3,-4.7,23.9,2,0,3,3,3,1,3,3,3,2,2,2,3,3,3,3,1,3,2,3,1,1,3,3,3,2,3,3,3,2,1,264,2014-15
By Year,2016-17,1610612755,PHI,2017-01-27T00:00:00,31,13,18,0.419,25.4,6.5,13.8,0.466,1.2,3.2,0.367,6.2,7.9,0.783,2.0,5.9,7.8,2.1,3.8,0.9,2.5,1.2,3.6,7.1,20.2,2.2,39.0,9,0,1,2,1,2,2,2,2,2,1,1,1,2,2,2,2,2,2,2,2,1,1,1,1,2,2,2,2,2,1,264,2016-17
By Year,2014-15,1610612753,ORL,2015-04-15T00:00:00,47,14,33,0.298,17.0,2.0,4.4,0.447,0.3,1.0,0.271,0.9,1.3,0.721,1.0,2.6,3.6,0.7,0.8,0.4,0.5,0.3,1.8,1.1,5.2,-3.5,12.5,1,0,3,3,3,4,4,4,4,4,4,4,4,4,4,2,4,4,4,4,4,4,4,4,4,4,4,4,4,4,1,264,2014-15
By Year,2014-15,1610612762,UTA,2015-04-15T00:00:00,82,38,44,0.463,22.2,1.8,5.1,0.349,1.0,3.2,0.314,0.2,0.4,0.625,0.3,1.3,1.6,2.4,1.4,0.5,0.2,0.0,1.8,0.8,4.8,1.1,10.9,0,0,1,2,1,2,1,2,2,2,1,1,1,2,2,2,2,2,2,1,1,1,2,2,2,2,2,1,2,1,1,264,2014-15
By Year,2014-15,1610612738,BOS,2015-04-15T00:00:00,67,35,32,0.522,27.0,2.6,7.1,0.367,1.4,4.1,0.335,1.2,1.9,0.646,0.9,2.4,3.3,3.1,1.3,1.5,0.3,0.3,2.6,2.3,7.8,0.9,20.3,0,0,2,3,1,4,4,4,4,1,2,3,1,4,4,4,3,4,4,3,3,3,4,4,3,4,4,4,4,3,2,264,2014-15
By Year,2014-15,1610612747,LAL,2014-10-28T00:00:00,1,0,1,0.0,13.6,1.0,3.0,0.333,0.0,0.0,0.0,0.0,2.0,0.0,0.0,0.0,0.0,0.0,1.0,0.0,0.0,0.0,1.0,1.0,2.0,-18.0,1.0,0,0,4,4,4,4,4,4,4,4,4,4,4,4,4,4,4,4,4,4,4,4,4,4,4,4,4,4,4,4,3,264,2014-15
By Year,2014-15,1610612758,SAC,2015-04-15T00:00:00,73,26,47,0.356,15.4,1.5,4.1,0.365,0.7,2.0,0.322,0.8,0.9,0.859,0.2,1.1,1.2,0.9,0.5,0.3,0.2,0.3,1.3,0.7,4.4,-1.8,8.2,0,0,2,2,3,2,4,4,4,4,4,4,4,4,4,2,4,4,4,4,5,4,3,3,3,4,4,2,4,1,1,264,2014-15
By Year,2014-15,1610612766,CHA,2015-04-15T00:00:00,25,8,17,0.32,10.3,1.2,3.0,0.395,0.2,0.5,0.385,0.7,1.0,0.692,1.1,2.3,3.4,0.2,0.4,0.2,0.4,0.5,0.8,1.0,3.3,-2.7,8.8,1,0,3,4,3,4,4,4,4,4,1,2,1,3,2,3,4,4,4,4,4,4,3,1,4,3,4,4,4,2,1,264,2014-15
By Year,2014-15,1610612753,ORL,2015-04-15T00:00:00,82,25,57,0.305,30.4,3.7,8.6,0.425,0.1,0.5,0.262,1.4,2.6,0.551,1.3,3.0,4.3,6.5,2.5,1.7,0.2,1.2,2.4,2.6,8.9,-2.5,27.2,12,2,1,3,1,3,1,4,4,4,4,4,4,4,1,4,1,2,2,1,1,1,4,1,1,1,4,3,3,3,2,264,2014-15
By Year,2014-15,1610612741,CHI,2015-04-13T00:00:00,36,23,13,0.639,8.9,1.2,3.0,0.402,0.4,1.1,0.317,0.3,0.4,0.667,0.2,1.0,1.2,0.2,0.5,0.1,0.0,0.2,0.8,0.5,3.0,-2.3,4.7,0,0,3,2,4,1,5,5,5,5,5,5,5,5,5,5,5,5,5,5,4,4,5,4,5,5,5,5,5,2,1,264,2014-15
By Year,2016-17,1610612755,PHI,2017-04-10T00:00:00,81,28,53,0.346,26.3,4.7,11.4,0.411,1.3,4.2,0.311,2.1,2.7,0.782,1.4,5.0,6.3,2.2,2.3,0.7,0.4,0.9,2.0,2.4,12.8,-3.8,24.8,10,0,1,1,1,2,2,2,1,2,2,2,2,1,1,2,2,1,2,2,1,1,1,1,2,1,2,2,2,1,1,264,2016-17
By Year,2014-15,1610612750,MIN,2015-04-15T00:00:00,77,15,62,0.195,24.7,3.7,8.8,0.422,0.7,2.2,0.341,1.9,2.3,0.842,0.4,2.4,2.8,3.6,2.5,0.7,0.1,0.5,2.1,1.8,10.1,-7.0,18.8,4,0,2,3,1,3,3,3,3,3,3,3,3,3,3,1,2,3,3,1,1,3,3,3,3,3,3,3,3,1,1,264,2014-15
By Year,2014-15,1610612756,PHX,2015-04-14T00:00:00,40,17,23,0.425,15.4,2.8,5.4,0.528,0.1,0.5,0.238,0.4,0.5,0.737,1.0,1.1,2.1,0.6,0.7,0.5,0.2,0.2,1.3,0.6,6.1,-2.4,11.0,0,0,3,2,3,1,4,4,4,1,4,4,3,4,4,3,4,4,4,4,4,4,4,4,4,4,4,1,4,4,1,264,2014-15
By Year,2014-15,1610612737,ATL,2015-01-14T00:00:00,3,2,1,0.667,6.4,0.7,2.3,0.286,0.0,0.3,0.0,0.3,0.7,0.5,0.3,1.0,1.3,0.0,0.0,0.3,0.0,0.0,1.3,0.3,1.7,-6.3,4.3,0,0,5,4,5,1,5,5,4,5,5,4,5,4,4,5,5,5,5,4,5,4,4,4,4,5,5,4,5,2,1,264,2014-15
By Year,2014-15,1610612743,DEN,2015-04-15T00:00:00,62,21,41,0.339,17.8,2.8,6.2,0.446,0.0,0.0,0.0,1.4,2.1,0.636,2.0,4.1,6.2,0.8,1.4,0.8,1.1,0.6,3.3,1.9,6.9,-0.1,19.9,4,0,1,1,1,5,4,5,5,4,1,4,1,4,5,3,3,3,3,5,5,2,4,4,2,5,5,2,4,3,1,264,2014-15
By Year,2014-15,1610612738,BOS,2015-04-15T00:00:00,31,14,17,0.452,10.7,1.2,3.3,0.353,0.5,2.1,0.258,0.5,0.9,0.552,0.3,1.1,1.4,0.4,0.2,0.3,0.1,0.0,0.7,0.6,3.4,0.1,6.4,0,0,1,2,1,2,1,1,1,2,1,1,2,1,1,2,1,1,1,1,2,2,2,3,1,1,1,1,1,1,1,264,2014-15
By Year,2014-15,1610612756,PHX,2015-01-31T00:00:00,8,3,5,0.375,7.3,1.1,2.6,0.429,0.3,0.8,0.333,0.3,0.3,1.0,0.1,0.8,0.9,1.8,1.0,0.0,0.3,0.0,0.4,0.4,2.8,0.1,6.2,0,0,6,6,6,2,4,4,4,3,4,4,3,4,4,1,6,4,4,4,2,6,1,6,6,5,4,3,4,1,1,264,2014-15
By Year,2014-15,1610612743,DEN,2015-04-15T00:00:00,55,18,37,0.327,13.1,1.2,3.9,0.304,0.4,1.9,0.204,0.6,0.9,0.745,0.4,0.8,1.2,0.5,0.7,0.7,0.1,0.3,1.3,0.7,3.4,-3.2,7.4,0,0,3,3,2,4,4,4,4,4,4,4,4,4,4,4,4,4,4,4,4,4,4,4,4,4,4,4,4,1,1,264,2014-15
By Year,2014-15,1610612761,TOR,2015-04-08T00:00:00,8,7,1,0.875,2.9,0.5,1.5,0.333,0.3,0.4,0.667,0.0,0.0,0.0,0.1,0.1,0.3,0.0,0.5,0.0,0.1,0.0,0.4,0.0,1.3,-3.4,1.4,0,0,2,2,1,4,4,2,3,2,1,4,1,1,1,1,3,4,4,4,2,4,2,3,3,1,2,4,4,1,1,264,2014-15
By Year,2015-16,1610612750,MIN,2016-04-13T00:00:00,82,29,53,0.354,32.0,7.6,14.1,0.542,0.4,1.1,0.341,2.7,3.4,0.811,2.8,7.7,10.5,2.0,2.2,0.7,1.7,0.8,3.0,3.0,18.3,-1.6,38.8,52,0,1,2,1,3,3,2,3,1,3,3,3,3,3,3,3,3,3,3,2,2,1,2,2,3,3,3,3,2,2,264,2015-16
By Year,2015-16,1610612747,LAL,2016-04-13T00:00:00,80,17,63,0.213,28.2,4.9,12.0,0.41,1.6,4.6,0.351,1.8,2.4,0.737,0.6,2.8,3.4,3.3,2.5,1.2,0.2,0.6,1.8,2.2,13.2,-6.8,23.8,1,0,1,2,1,3,2,3,3,2,2,3,2,3,3,2,2,3,3,3,3,2,3,2,3,3,3,3,3,2,1,264,2015-16
By Year,2015-16,1610612755,PHI,2016-02-28T00:00:00,53,6,47,0.113,30.0,7.5,14.7,0.508,0.0,0.1,0.167,2.5,3.7,0.686,2.3,4.7,7.0,1.2,2.3,0.4,1.2,1.3,2.6,3.1,17.5,-9.4,30.2,11,0,1,2,1,3,1,1,1,2,1,2,1,1,1,1,1,1,1,1,1,2,1,1,2,1,1,2,1,1,1,264,2015-16
By Year,2015-16,1610612752,NYK,2016-03-28T00:00:00,72,28,44,0.389,28.4,5.2,12.3,0.421,1.1,3.4,0.333,2.8,3.3,0.838,1.8,5.5,7.3,1.3,1.7,0.7,1.9,0.4,2.8,3.1,14.3,0.2,31.1,21,0,1,1,1,3,3,3,3,3,3,3,3,3,3,1,1,2,1,2,3,1,3,3,2,3,3,2,3,1,1,264,2015-16
By Year,2015-16,1610612753,ORL,2016-04-13T00:00:00,79,33,46,0.418,17.9,2.3,5.3,0.433,0.8,2.4,0.349,0.6,0.7,0.907,0.4,1.9,2.2,1.4,1.2,0.5,0.2,0.2,1.6,0.7,6.1,-0.1,11.7,0,0,1,1,1,1,1,1,1,2,1,1,2,1,2,1,2,3,3,1,1,2,2,3,1,2,1,1,2,1,1,264,2015-16
By Year,2015-16,1610612758,SAC,2016-04-13T00:00:00,66,26,40,0.394,21.4,2.9,5.1,0.563,0.0,0.0,0.0,1.2,1.9,0.648,2.0,3.3,5.3,0.6,0.7,0.7,1.0,0.3,2.2,1.3,7.0,-1.2,18.7,3,0,2,2,2,1,2,3,3,1,2,2,2,3,3,3,1,3,2,3,3,2,1,3,2,3,3,1,2,3,1,264,2015-16
By Year,2015-16,1610612743,DEN,2016-04-13T00:00:00,68,29,39,0.426,30.4,4.8,13.3,0.364,1.1,3.4,0.319,2.1,3.1,0.67,0.5,2.9,3.4,5.5,3.2,1.0,0.5,1.2,2.1,2.3,12.8,-1.7,26.3,4,0,1,1,1,3,1,1,1,3,2,1,2,2,1,3,2,1,1,1,1,1,1,1,1,1,1,1,1,1,1,264,2015-16
By Year,2015-16,1610612765,DET,2016-04-13T00:00:00,73,37,36,0.507,23.1,3.1,8.2,0.375,0.9,2.8,0.307,1.1,1.4,0.784,0.8,3.4,4.2,1.6,1.6,0.8,0.2,0.5,2.4,1.1,8.1,-1.9,16.8,3,0,2,1,2,2,2,1,1,1,2,2,1,2,2,1,1,1,1,1,1,2,2,1,2,2,1,2,2,1,1,264,2015-16
By Year,2015-16,1610612766,CHA,2016-04-13T00:00:00,81,47,34,0.58,21.1,2.7,6.5,0.41,0.8,2.5,0.337,1.3,1.8,0.73,0.9,3.3,4.1,1.2,0.7,0.5,0.5,0.6,1.6,1.3,7.5,-0.2,16.5,1,0,1,1,2,1,3,3,3,2,3,3,2,3,3,3,1,3,2,3,2,2,1,1,2,3,3,2,3,2,1,264,2015-16
By Year,2015-16,1610612748,MIA,2016-04-13T00:00:00,78,46,32,0.59,28.6,2.5,5.9,0.422,0.4,1.5,0.276,1.0,1.5,0.684,1.0,4.1,5.2,1.5,1.2,0.9,0.3,0.6,2.4,1.2,6.4,1.3,17.3,0,0,1,1,1,1,2,3,3,2,2,3,2,2,2,1,2,2,3,3,2,2,2,2,2,2,3,1,3,2,1,264,2015-16
By Year,2015-16,1610612754,IND,2016-04-13T00:00:00,60,32,28,0.533,22.8,4.4,8.8,0.498,0.1,0.2,0.214,1.5,2.0,0.727,1.1,4.4,5.5,0.7,1.1,0.4,1.4,0.4,2.6,2.0,10.3,-1.2,22.4,4,0,2,2,2,1,3,3,3,2,3,3,3,3,3,3,3,3,3,3,3,3,3,3,2,3,3,3,3,2,1,264,2015-16
By Year,2015-16,1610612762,UTA,2016-04-13T00:00:00,80,38,42,0.475,17.3,2.4,5.5,0.438,0.6,1.6,0.383,0.7,1.0,0.695,0.7,3.0,3.7,0.7,0.8,0.3,0.2,0.2,1.4,1.0,6.1,-0.6,12.5,2,0,1,2,1,3,2,2,3,2,3,3,2,3,3,3,2,2,2,3,2,3,3,2,1,2,3,3,3,2,1,264,2015-16
By Year,2015-16,1610612756,PHX,2016-04-13T00:00:00,76,20,56,0.263,27.7,4.8,11.4,0.423,1.3,3.8,0.343,2.8,3.4,0.84,0.4,2.1,2.5,2.6,2.1,0.6,0.3,0.8,3.0,3.2,13.8,-4.9,21.1,3,0,2,2,1,3,3,3,3,3,3,3,3,3,3,2,3,3,3,3,3,3,3,3,3,3,3,3,3,1,1,264,2015-16
By Year,2015-16,1610612760,OKC,2016-04-12T00:00:00,57,44,13,0.772,12.2,2.0,4.9,0.41,0.6,1.9,0.324,0.3,0.4,0.792,0.2,1.3,1.5,1.9,0.8,0.6,0.1,0.2,1.4,0.5,5.0,-0.5,11.0,0,0,1,1,1,1,3,2,3,1,3,3,1,1,1,2,1,3,3,2,3,1,2,2,2,2,2,1,2,1,1,264,2015-16
By Year,2015-16,1610612764,WAS,2016-04-13T00:00:00,63,31,32,0.492,10.7,1.4,3.3,0.427,0.4,1.3,0.316,0.5,0.8,0.633,0.4,1.7,2.1,0.2,0.5,0.3,0.1,0.3,1.6,0.8,3.7,-0.7,7.4,0,0,2,2,1,3,3,3,3,1,3,3,2,3,3,3,3,3,3,3,3,3,3,3,3,3,3,3,3,2,1,264,2015-16
By Year,2015-16,1610612738,BOS,2016-04-11T00:00:00,39,24,15,0.615,8.0,0.7,2.7,0.274,0.2,0.7,0.222,0.2,0.3,0.8,0.6,1.0,1.6,0.9,0.5,0.2,0.0,0.1,0.6,0.4,1.8,-1.2,5.3,0,0,2,3,2,3,3,3,3,3,3,3,3,3,3,1,1,3,3,3,3,3,3,3,3,3,3,3,3,2,1,264,2015-16
By Year,2015-16,1610612749,MIL,2016-04-13T00:00:00,70,30,40,0.429,14.3,1.2,3.8,0.305,0.6,2.1,0.293,0.2,0.2,0.8,0.2,1.1,1.3,0.6,0.4,0.4,0.2,0.4,1.0,0.3,3.1,-2.1,7.0,0,0,1,1,1,3,1,3,2,3,3,1,3,2,2,1,1,1,1,3,1,2,2,1,1,2,3,3,3,1,1,264,2015-16
By Year,2015-16,1610612745,HOU,2015-11-06T00:00:00,3,1,2,0.333,2.0,0.0,0.0,0.0,0.0,0.0,0.0,0.0,0.0,0.0,0.0,0.3,0.3,0.0,0.0,0.3,0.0,0.0,0.0,0.0,0.0,-0.7,1.4,0,0,3,3,3,3,3,3,3,3,3,3,3,3,3,3,3,3,3,3,3,3,3,3,3,3,3,3,3,1,1,264,2015-16
By Year,2015-16,1610612752,NYK,2016-04-12T00:00:00,76,29,47,0.382,16.6,2.0,5.1,0.394,0.3,1.3,0.22,1.3,1.6,0.78,0.3,1.6,1.9,2.3,1.1,0.7,0.1,0.4,1.3,1.5,5.6,-2.2,12.6,0,0,1,1,1,2,2,3,2,3,3,3,3,2,2,2,2,2,2,2,2,3,1,1,3,2,3,2,3,3,1,264,2015-16
By Year,2015-16,1610612761,TOR,2016-04-13T00:00:00,27,19,8,0.704,8.5,1.3,3.0,0.45,0.2,0.5,0.385,1.0,1.3,0.743,0.3,1.1,1.4,1.1,0.6,0.3,0.1,0.3,0.3,0.8,3.8,0.5,7.8,0,0,1,1,1,1,3,3,3,2,3,3,1,3,3,3,3,3,3,3,3,3,3,3,3,3,3,3,3,1,1,264,2015-16
By Year,2017-18,1610612755,PHI,2017-12-28T00:00:00,33,14,19,0.424,36.2,7.1,14.0,0.508,0.0,0.3,0.0,2.6,4.8,0.538,2.0,6.7,8.7,7.6,3.9,1.9,0.8,0.8,2.7,4.6,16.8,0.9,42.9,18,4,1,1,1,1,1,1,1,1,1,1,1,1,1,1,1,1,1,1,1,1,1,1,1,1,1,1,1,1,1,264,2017-18
By Year,2016-17,1610612747,LAL,2017-04-12T00:00:00,79,26,53,0.329,28.9,3.5,8.7,0.402,0.7,2.4,0.294,1.7,2.7,0.621,0.8,3.2,4.0,2.1,1.5,0.6,0.5,0.6,2.0,2.4,9.4,-4.8,19.1,0,0,1,1,1,2,2,2,2,2,1,1,2,2,2,2,2,2,2,2,2,2,2,2,2,2,2,2,2,2,1,264,2016-17
By Year,2016-17,1610612738,BOS,2017-04-12T00:00:00,78,50,28,0.641,17.2,2.5,5.4,0.454,0.6,1.7,0.341,1.1,1.6,0.685,0.6,2.2,2.8,0.8,0.9,0.4,0.2,0.4,1.8,1.3,6.6,-1.6,12.4,0,0,1,1,1,2,2,2,2,2,2,2,2,2,2,1,2,2,2,2,2,2,2,2,2,2,2,2,2,2,1,264,2016-17
By Year,2016-17,1610612756,PHX,2017-04-11T00:00:00,43,13,30,0.302,13.3,1.3,3.7,0.354,0.7,2.3,0.277,0.1,0.3,0.364,0.5,1.9,2.4,0.5,0.7,0.2,0.5,0.0,1.7,0.3,3.4,-0.6,8.6,1,0,1,2,1,2,2,2,2,2,2,2,2,2,2,2,1,2,2,2,2,2,2,2,1,2,2,1,2,1,1,264,2016-17
By Year,2016-17,1610612750,MIN,2017-04-12T00:00:00,78,30,48,0.385,17.1,1.5,4.0,0.377,0.3,0.9,0.288,0.5,0.8,0.61,0.3,1.8,2.1,2.4,1.1,1.0,0.5,0.2,2.3,0.8,3.8,-1.7,13.2,1,0,1,1,1,1,2,2,2,2,2,2,2,2,2,2,2,2,2,2,2,2,1,2,2,2,2,1,2,2,1,264,2016-17
By Year,2016-17,1610612740,NOP,2017-02-15T00:00:00,57,23,34,0.404,20.4,3.2,8.3,0.393,1.6,4.2,0.369,0.5,0.6,0.879,0.3,2.6,2.9,1.4,0.8,0.3,0.1,0.6,1.4,0.5,8.6,-2.6,14.6,0,0,1,1,1,1,3,3,3,3,3,3,3,3,3,2,3,3,3,3,3,3,2,2,2,3,3,3,3,1,1,264,2016-17
By Year,2016-17,1610612743,DEN,2017-04-12T00:00:00,82,40,42,0.488,21.5,3.6,8.9,0.404,1.4,4.2,0.334,1.3,1.5,0.883,0.5,2.1,2.6,2.1,1.4,0.6,0.3,0.4,1.5,1.3,9.9,0.9,17.5,1,0,1,1,1,2,2,2,2,2,2,2,2,2,2,2,2,2,2,2,2,2,1,1,2,2,2,2,2,1,1,264,2016-17
By Year,2016-17,1610612756,PHX,2017-04-11T00:00:00,82,24,58,0.293,21.3,3.5,7.7,0.449,0.9,2.7,0.321,1.4,2.2,0.624,1.2,3.1,4.2,0.7,1.3,0.8,0.9,0.7,3.2,2.2,9.2,-4.6,19.1,3,0,1,1,1,2,1,1,1,1,1,1,1,1,1,2,1,2,2,2,1,1,2,1,1,1,1,2,1,1,1,264,2016-17
By Year,2016-17,1610612761,TOR,2017-04-12T00:00:00,54,38,16,0.704,11.6,1.2,2.1,0.583,0.0,0.0,0.0,0.6,1.1,0.544,1.4,1.6,3.1,0.2,0.5,0.3,0.4,0.2,2.1,0.9,3.1,-0.1,8.6,0,0,1,1,1,2,2,2,2,2,2,2,2,2,2,1,2,2,2,2,2,2,2,2,2,2,2,2,2,2,1,264,2016-17
By Year,2016-17,1610612749,MIL,2017-04-12T00:00:00,57,31,26,0.544,9.9,1.5,3.2,0.459,0.5,1.3,0.378,0.6,0.9,0.653,0.7,1.3,2.0,0.4,0.3,0.2,0.5,0.2,1.5,0.8,4.0,-0.5,8.6,0,0,1,1,1,2,2,1,2,1,1,1,1,2,2,1,2,2,2,2,2,2,2,1,2,2,2,1,2,1,1,264,2016-17
By Year,2016-17,1610612760,OKC,2017-04-12T00:00:00,81,46,35,0.568,20.1,2.4,5.9,0.399,0.6,2.0,0.321,0.5,0.8,0.657,0.6,3.0,3.6,1.0,1.0,0.5,0.4,0.4,2.5,0.9,5.9,0.2,13.3,2,0,1,1,1,1,2,2,2,2,1,1,2,2,2,2,2,2,2,2,2,1,2,2,2,2,2,1,2,2,1,264,2016-17
By Year,2016-17,1610612737,ATL,2017-04-12T00:00:00,59,28,31,0.475,16.6,1.9,4.8,0.4,0.6,1.7,0.324,1.3,1.6,0.787,0.4,2.2,2.7,0.9,1.0,0.7,0.5,0.4,1.6,1.2,5.7,-0.5,12.8,0,0,1,1,1,1,2,2,2,2,2,2,2,2,2,1,2,2,2,2,2,2,2,2,2,2,2,1,2,2,1,264,2016-17
By Year,2016-17,1610612758,SAC,2017-04-12T00:00:00,22,7,15,0.318,16.1,2.5,4.6,0.549,0.0,0.1,0.0,0.5,0.6,0.857,1.1,2.8,3.9,0.9,1.1,0.1,0.8,0.1,2.0,0.9,5.6,-1.5,13.3,2,0,1,1,1,1,1,1,1,2,1,1,1,1,1,1,1,1,1,1,1,2,1,1,1,1,1,2,1,1,1,264,2016-17
By Year,2016-17,1610612741,CHI,2017-04-12T00:00:00,57,28,29,0.491,17.1,1.8,5.1,0.354,1.3,3.6,0.351,0.2,0.3,0.778,0.2,2.5,2.6,1.1,0.9,0.5,0.1,0.1,1.5,0.3,5.1,-0.3,11.0,1,0,1,1,1,1,2,2,2,2,2,2,2,2,2,1,2,2,2,2,2,2,1,2,2,2,2,1,2,2,1,264,2016-17
By Year,2016-17,1610612743,DEN,2017-04-12T00:00:00,62,30,32,0.484,13.6,1.6,3.6,0.451,0.7,1.8,0.407,0.9,1.2,0.75,0.7,2.3,3.0,0.5,0.5,0.5,0.2,0.2,1.0,1.0,4.9,-0.5,10.8,1,0,1,1,1,2,1,1,1,1,1,2,1,1,1,2,2,1,1,2,1,1,1,1,2,1,1,1,1,1,1,264,2016-17
By Year,2017-18,1610612738,BOS,2017-12-27T00:00:00,15,11,4,0.733,5.1,0.7,1.6,0.417,0.5,1.1,0.438,0.1,0.1,1.0,0.6,0.9,1.5,0.3,0.3,0.0,0.1,0.1,0.8,0.1,1.9,-1.5,4.2,0,0,1,1,1,1,1,1,1,1,1,1,1,1,1,1,1,1,1,1,1,1,1,1,1,1,1,1,1,1,1,264,2017-18
By Year,2016-17,1610612763,MEM,2017-04-12T00:00:00,33,18,15,0.545,12.3,1.1,3.5,0.313,0.1,0.7,0.136,0.9,1.1,0.838,0.3,1.1,1.4,1.8,1.2,0.5,0.2,0.3,1.2,1.0,3.2,-4.2,8.7,0,0,1,1,1,1,1,1,1,1,1,1,1,1,1,1,1,1,1,1,1,1,1,1,1,1,1,1,1,1,1,264,2016-17
By Year,2016-17,1610612765,DET,2017-04-12T00:00:00,19,8,11,0.421,7.7,1.2,3.4,0.359,0.5,1.8,0.286,0.2,0.4,0.5,0.4,1.7,2.2,0.4,0.7,0.1,0.1,0.1,0.3,0.4,3.2,-0.2,5.9,1,0,1,1,1,2,1,2,2,2,2,1,2,1,1,2,1,2,1,2,1,2,1,1,2,1,2,2,2,1,1,264,2016-17
By Year,2016-17,1610612743,DEN,2017-04-12T00:00:00,22,12,10,0.545,7.5,1.5,3.3,0.452,0.4,1.3,0.321,0.4,0.5,0.8,0.2,0.5,0.8,0.5,0.4,0.3,0.0,0.3,0.5,0.4,3.8,2.6,6.0,0,0,2,2,2,2,2,1,1,1,2,2,1,2,2,1,2,2,2,2,2,1,2,1,2,2,1,1,2,1,1,264,2016-17
By Year,2016-17,1610612751,BKN,2017-04-12T00:00:00,57,15,42,0.263,21.7,3.0,6.7,0.45,1.0,3.2,0.321,1.2,1.6,0.72,0.4,2.9,3.3,1.9,1.0,0.9,0.1,0.2,1.6,1.5,8.2,-1.6,17.0,0,0,1,1,1,2,2,2,2,1,2,2,2,2,2,1,2,2,2,2,2,2,2,2,2,2,2,1,2,2,1,264,2016-17
By Year,2017-18,1610612755,PHI,2017-10-23T00:00:00,4,1,3,0.25,18.9,2.3,6.8,0.333,0.0,0.0,0.0,1.5,3.0,0.5,0.8,1.5,2.3,1.8,1.5,0.5,0.3,1.5,1.5,2.3,6.0,-10.8,12.1,0,0,1,1,1,1,1,1,1,1,1,1,1,1,1,1,1,1,1,1,1,1,1,1,1,1,1,1,1,1,1,264,2017-18
By Year,2017-18,1610612747,LAL,2017-12-23T00:00:00,31,11,20,0.355,33.9,3.9,11.1,0.349,1.5,5.1,0.297,0.8,1.6,0.48,1.3,5.7,6.9,7.1,2.9,1.4,1.0,1.0,2.2,1.5,10.0,-2.1,33.2,7,2,1,1,1,1,1,1,1,1,1,1,1,1,1,1,1,1,1,1,1,1,1,1,1,1,1,1,1,1,1,264,2017-18
By Year,2017-18,1610612738,BOS,2017-12-28T00:00:00,39,29,10,0.744,31.1,4.8,9.3,0.512,1.4,3.0,0.475,3.3,3.9,0.83,0.8,4.8,5.6,1.4,1.3,1.0,0.8,0.5,2.2,2.7,14.2,4.6,27.1,3,0,1,1,1,1,1,1,1,1,1,1,1,1,1,1,1,1,1,1,1,1,1,1,1,1,1,1,1,1,1,264,2017-18
By Year,2017-18,1610612756,PHX,2017-12-29T00:00:00,37,14,23,0.378,21.9,3.4,8.9,0.383,0.6,2.3,0.244,1.7,3.1,0.561,1.0,2.6,3.6,1.1,1.8,1.0,0.3,0.7,2.8,2.5,9.1,-7.2,17.1,0,0,1,1,1,1,1,1,1,1,1,1,1,1,1,1,1,1,1,1,1,1,1,1,1,1,1,1,1,1,1,264,2017-18
By Year,2017-18,1610612758,SAC,2017-12-19T00:00:00,29,10,19,0.345,25.1,3.8,9.5,0.402,0.4,1.3,0.289,1.4,2.1,0.667,0.4,2.3,2.8,3.7,2.2,0.9,0.2,0.7,2.2,2.2,9.4,-6.3,19.4,0,0,1,1,1,1,1,1,1,1,1,1,1,1,1,1,1,1,1,1,1,1,1,1,1,1,1,1,1,1,1,264,2017-18
By Year,2017-18,1610612753,ORL,2017-12-26T00:00:00,15,8,7,0.533,19.0,2.0,4.9,0.405,0.3,1.2,0.278,0.9,1.2,0.778,0.8,2.9,3.7,0.7,1.0,0.7,1.0,0.2,1.7,1.6,5.3,-2.8,14.8,0,0,1,1,1,1,1,1,1,1,1,1,1,1,1,1,1,1,1,1,1,1,1,1,1,1,1,1,1,1,1,264,2017-18
By Year,2017-18,1610612741,CHI,2017-12-29T00:00:00,32,10,22,0.313,29.5,5.3,12.8,0.411,2.2,6.4,0.338,2.0,2.4,0.831,1.1,6.3,7.4,1.3,1.3,0.5,0.5,0.7,1.6,2.7,14.7,-4.2,27.4,7,0,1,1,1,1,1,1,1,1,1,1,1,1,1,1,1,1,1,1,1,1,1,1,1,1,1,1,1,1,1,264,2017-18
By Year,2017-18,1610612752,NYK,2017-12-28T00:00:00,32,16,16,0.5,21.1,2.3,6.3,0.363,0.6,1.9,0.328,0.7,1.0,0.719,0.4,1.8,2.2,3.5,1.8,1.3,0.1,0.2,2.7,1.2,5.9,0.0,16.3,0,0,1,1,1,1,1,1,1,1,1,1,1,1,1,1,1,1,1,1,1,1,1,1,1,1,1,1,1,1,1,264,2017-18
By Year,2017-18,1610612742,DAL,2017-12-29T00:00:00,29,11,18,0.379,27.7,5.4,13.6,0.395,1.5,4.6,0.326,1.4,2.1,0.661,0.8,3.3,4.1,4.2,2.8,0.8,0.2,1.7,2.0,2.0,13.7,-5.4,25.2,2,1,1,1,1,1,1,1,1,1,1,1,1,1,1,1,1,1,1,1,1,1,1,1,1,1,1,1,1,1,1,264,2017-18
By Year,2017-18,1610612757,POR,2017-12-28T00:00:00,18,10,8,0.556,13.2,1.4,3.8,0.377,0.3,0.9,0.353,0.3,0.8,0.429,0.8,2.2,2.9,0.8,0.9,0.2,0.5,0.3,2.1,0.9,3.6,1.7,9.5,0,0,1,1,1,1,1,1,1,1,1,1,1,1,1,1,1,1,1,1,1,1,1,1,1,1,1,1,1,1,1,264,2017-18
By Year,2017-18,1610612766,CHA,2017-12-23T00:00:00,29,9,20,0.31,14.5,2.1,6.2,0.346,1.2,3.4,0.343,0.4,0.6,0.706,0.1,1.0,1.1,1.5,0.7,0.3,0.1,0.2,1.0,0.8,5.9,-4.4,9.8,0,0,1,1,1,1,1,1,1,1,1,1,1,1,1,1,1,1,1,1,1,1,1,1,1,1,1,1,1,1,1,264,2017-18
By Year,2017-18,1610612765,DET,2017-12-28T00:00:00,29,15,14,0.517,16.5,2.2,5.4,0.405,1.0,2.3,0.412,0.4,0.6,0.765,0.2,1.4,1.7,1.2,0.9,0.6,0.2,0.2,0.9,0.7,5.8,2.2,10.9,0,0,1,1,1,1,1,1,1,1,1,1,1,1,1,1,1,1,1,1,1,1,1,1,1,1,1,1,1,1,1,264,2017-18
By Year,2017-18,1610612762,UTA,2017-12-27T00:00:00,34,14,20,0.412,30.5,6.7,15.4,0.435,2.2,6.1,0.357,2.3,2.7,0.849,0.5,2.7,3.2,3.4,2.5,1.5,0.4,0.9,3.2,2.7,17.9,-0.1,29.9,0,0,1,1,1,1,1,1,1,1,1,1,1,1,1,1,1,1,1,1,1,1,1,1,1,1,1,1,1,1,1,264,2017-18
By Year,2017-18,1610612748,MIA,2017-12-29T00:00:00,26,11,15,0.423,20.1,2.6,4.3,0.598,0.0,0.0,0.0,1.8,2.4,0.73,1.7,3.2,4.9,1.0,1.0,0.7,0.7,0.3,2.1,2.3,6.9,-2.5,17.4,2,0,1,1,1,1,1,1,1,1,1,1,1,1,1,1,1,1,1,1,1,1,1,1,1,1,1,1,1,1,1,264,2017-18
By Year,2017-18,1610612758,SAC,2017-12-27T00:00:00,25,7,18,0.28,18.0,2.2,5.6,0.393,0.8,2.6,0.318,0.3,0.4,0.636,0.4,1.5,1.8,0.6,0.6,0.2,0.2,0.1,1.1,0.7,5.5,-3.8,9.4,0,0,1,1,1,1,1,1,1,1,1,1,1,1,1,1,1,1,1,1,1,1,1,1,1,1,1,1,1,1,1,264,2017-18
By Year,2017-18,1610612749,MIL,2017-12-23T00:00:00,12,7,5,0.583,3.9,0.3,0.8,0.444,0.0,0.3,0.0,0.0,0.0,0.0,0.0,0.5,0.5,0.2,0.2,0.0,0.0,0.0,0.4,0.0,0.7,-2.2,1.4,0,0,1,1,1,1,1,1,1,1,1,1,1,1,1,1,1,1,1,1,1,1,1,1,1,1,1,1,1,1,1,264,2017-18
By Year,2017-18,1610612754,IND,2017-12-26T00:00:00,27,15,12,0.556,9.4,1.3,2.9,0.455,0.4,0.9,0.478,0.1,0.3,0.429,0.7,1.0,1.7,0.2,0.2,0.2,0.1,0.2,1.0,0.3,3.1,-2.4,6.0,0,0,1,1,1,1,1,1,1,1,1,1,1,1,1,1,1,1,1,1,1,1,1,1,1,1,1,1,1,1,1,264,2017-18
By Year,2017-18,1610612737,ATL,2017-12-29T00:00:00,29,7,22,0.241,22.9,4.8,7.9,0.609,0.0,0.1,0.0,1.9,2.7,0.701,2.9,4.2,7.1,1.0,1.4,0.6,1.1,0.8,3.1,2.4,11.5,-1.9,25.3,4,0,1,1,1,1,1,1,1,1,1,1,1,1,1,1,1,1,1,1,1,1,1,1,1,1,1,1,1,1,1,264,2017-18
